Parameter,Cycle 1
Vest_array,"[1.082629763212732, 1.0841073723755963, 1.0841011527488522, 1.0826312045140973, 1.084640519396034, 1.0847168933467484, 1.0847171769930282, 1.08759055598131, 1.084767843501618, 1.0849243208172037, 1.0878141812947884, 1.084780501978166, 1.0847794799538346, 1.0846194926430648, 1.084783118384467, 1.0862680613850182, 1.0846792621623782, 1.0846719790256303, 1.0829140913556285, 1.0847577972436215, 1.0850536924288028, 1.0851819932592042, 1.0897742550881913, 1.0850619234071568, 1.0858140127807516, 1.0843206625614747, 1.084065911487395, 1.0834227140875263]"
Pest_array,"[-0.17173328744534078, 0.0, 0.0, 0.005042922907060479, 0.0, 0.0, 0.0, -7.960340943029623e-05, 0.0, 0.0, -0.0429986376504571, 0.0, 0.0, 0.001786735508720428, 0.0, -0.0012576177074613074, 0.0, 0.0, 0.043072542509029615, 0.0, 0.0, 0.0, -0.380410204753602, 0.0, -0.0007996014673398201, 0.0, 0.0, 0.182980010291598]"
Qest_array,"[-0.05038778533181943, 0.0, 0.0, 0.025820991690534926, 0.0, 0.0, 0.0, -0.02139891675221784, 0.0, 0.0, -0.04637146832683774, 0.0, 0.0, 0.0006658523693243518, 0.0, -0.027263978370326104, 0.0, 0.0, 0.024888728877504963, 0.0, 0.0, 0.0, -0.026600589787430406, 0.0, -0.013890993143421342, 0.0, 0.0, 0.025000216276608825]"
removed_residuals,"[[""V"", 0, ""01 / Substation 2""], [""V"", 27, ""LV Aggregated""], [""V"", 18, ""19 / LV 114875""], [""V"", 3, ""04 / LV 116308""], [""P"", 22, ""23 / LV VASILINO""]]"
